date,value,value2
28-04-2013,135.98,122
29-04-2013,147.49,118.68
30-04-2013,146.93,117.45
01-05-2013,139.89,118.7
02-05-2013,125.6,119.8
03-05-2013,108.13,115.81
04-05-2013,115,118.76
05-05-2013,118.8,125.3
06-05-2013,124.66,125.25
07-05-2013,113.44,124.5
08-05-2013,115.78,123.62
09-05-2013,113.46,115.78
10-05-2013,122,135.98
11-05-2013,118.68,147.49
12-05-2013,117.45,146.93
13-05-2013,118.7,139.89
14-05-2013,119.8,125.6
15-05-2013,115.81,108.13
16-05-2013,118.76,115
17-05-2013,125.3,118.8
18-05-2013,125.25,124.66
19-05-2013,124.5,113.44
20-05-2013,123.62,115.78
21-05-2013,123,113.46
22-05-2013,124,122
23-05-2013,126.93,122
24-05-2013,133.85,118.68
25-05-2013,133.22,117.45
26-05-2013,136,118.7
27-05-2013,135.47,119.8
28-05-2013,130.58,115.81
29-05-2013,132.59,118.76
30-05-2013,132.25,125.3
31-05-2013,129.9,125.25
01-06-2013,129.78,124.5
02-06-2013,129.4,123.62
03-06-2013,122.5,115.78
04-06-2013,123.84,135.98
05-06-2013,123.47,147.49
06-06-2013,123.1,146.93
07-06-2013,119,139.89
08-06-2013,111.42,125.6
09-06-2013,108.99,108.13
10-06-2013,110.1,115
11-06-2013,109.6,118.8
12-06-2013,111.79,124.66
13-06-2013,110.3,113.44
14-06-2013,104.7,115.78
15-06-2013,103.7,113.46
16-06-2013,101.6,122
17-06-2013,102.21,122
18-06-2013,111.11,118.68
19-06-2013,110.22,117.45
20-06-2013,114.3,118.7
21-06-2013,114.99,119.8
22-06-2013,109.96,115.81
23-06-2013,108.8,118.76
24-06-2013,108.33,125.3
25-06-2013,106.47,125.25
26-06-2013,105.49,124.5
27-06-2013,104,123.62
28-06-2013,101.74,115.78
29-06-2013,99.99,135.98
30-06-2013,98.12,147.49
01-07-2013,97.66,146.93
02-07-2013,92.3,139.89
03-07-2013,90.98,125.6
04-07-2013,83.11,108.13
05-07-2013,80,115
06-07-2013,75,118.8
07-07-2013,74.56,124.66
08-07-2013,80,113.44
09-07-2013,78.3,115.78
10-07-2013,87,113.46
11-07-2013,90.28,122
12-07-2013,104,122
13-07-2013,98.25,118.68
14-07-2013,98.7,117.45
15-07-2013,101.9,118.7
16-07-2013,99.86,119.8
17-07-2013,99.97,115.81
18-07-2013,98.8,118.76
19-07-2013,95.2,125.3
20-07-2013,93.1,125.25
21-07-2013,91.95,124.5
22-07-2013,92,123.62
23-07-2013,96.82,115.78
24-07-2013,95.99,135.98
25-07-2013,97.33,147.49
26-07-2013,97.47,146.93
27-07-2013,97,139.89
28-07-2013,100.58,125.6
29-07-2013,102.5,108.13
30-07-2013,107.99,115
31-07-2013,111.34,118.8
01-08-2013,108,124.66
02-08-2013,108,113.44
03-08-2013,105.78,115.78
04-08-2013,105.95,113.46
05-08-2013,107.77,122
06-08-2013,107.38,123.62
07-08-2013,106.75,123
08-08-2013,106.75,124
09-08-2013,105.75,126.93
10-08-2013,103.9,133.85
11-08-2013,105.19,133.22
12-08-2013,108,136
13-08-2013,109.35,135.47
14-08-2013,115,130.58
15-08-2013,113.25,132.59
16-08-2013,112.3,132.25
17-08-2013,113.75,129.9
18-08-2013,114.69,129.78
19-08-2013,123.06,129.4
20-08-2013,123.01,122.5
21-08-2013,124.91,123.84
22-08-2013,123.5,123.47
23-08-2013,122,123.1
24-08-2013,121.39,119
25-08-2013,122.99,111.42
26-08-2013,122.75,108.99
27-08-2013,127.24,110.1
28-08-2013,127.32,109.6
29-08-2013,123.7,111.79
30-08-2013,135.75,110.3
31-08-2013,140.89,104.7
01-09-2013,145.81,103.7
02-09-2013,146.5,101.6
03-09-2013,138.34,102.21
04-09-2013,144.5,111.11
05-09-2013,131.44,110.22
06-09-2013,127.34,114.3
07-09-2013,125.94,114.99
08-09-2013,124.72,109.96
09-09-2013,129.06,108.8
10-09-2013,129.74,108.33
11-09-2013,137.83,106.47
12-09-2013,136.08,105.49
13-09-2013,137.58,104
14-09-2013,135.85,101.74
15-09-2013,131.44,99.99
16-09-2013,132.72,98.12
17-09-2013,132.76,97.66
18-09-2013,133.2,92.3
19-09-2013,131.77,90.98
20-09-2013,135.62,83.11
21-09-2013,128.61,80
22-09-2013,133.94,75
23-09-2013,132.72,74.56
24-09-2013,127.46,80
25-09-2013,129.69,78.3
26-09-2013,134.93,87
27-09-2013,134.74,90.28
28-09-2013,135.63,104
29-09-2013,140.61,98.25
30-09-2013,138.35,98.7
01-10-2013,134.63,101.9
02-10-2013,133.59,99.86
03-10-2013,123.63,99.97
04-10-2013,130.09,98.8
05-10-2013,130.44,95.2
06-10-2013,129.66,93.1
07-10-2013,130.27,91.95
08-10-2013,127.47,92
09-10-2013,131.75,96.82
10-10-2013,131.5,95.99
11-10-2013,131.81,97.33
12-10-2013,135.66,97.47
13-10-2013,138.66,97
14-10-2013,144.12,100.58
15-10-2013,145.39,102.5
16-10-2013,152.23,107.99
17-10-2013,147.42,111.34
18-10-2013,155.96,108
19-10-2013,177.48,108
20-10-2013,174.91,105.78
21-10-2013,184.82,105.95
22-10-2013,196.27,107.77
23-10-2013,213.62,107.38
24-10-2013,217.42,106.75
25-10-2013,198.87,106.75
26-10-2013,188.41,105.75
27-10-2013,196.44,103.9
28-10-2013,198.62,105.19
29-10-2013,204.79,108
30-10-2013,209.16,109.35
31-10-2013,205.18,115
01-11-2013,206.65,113.25
02-11-2013,207.76,112.3
03-11-2013,215.05,122
04-11-2013,231.01,118.68
05-11-2013,250.66,117.45
06-11-2013,263,118.7
07-11-2013,304.17,119.8
08-11-2013,338.66,115.81
09-11-2013,370.82,118.76
10-11-2013,350.7,125.3
11-11-2013,351.27,125.25
12-11-2013,362.81,124.5
13-11-2013,414.05,123.62
14-11-2013,425.9,115.78
15-11-2013,437.89,135.98
16-11-2013,450.26,147.49
17-11-2013,500.58,146.93
18-11-2013,703.78,139.89
19-11-2013,806.11,125.6
20-11-2013,599.65,108.13
21-11-2013,733.4,115
22-11-2013,780.85,118.8
23-11-2013,844.97,124.66
24-11-2013,807.36,113.44
25-11-2013,810.68,115.78
26-11-2013,928.54,113.46
27-11-2013,1001.96,122
28-11-2013,1077.56,122
29-11-2013,1146.97,118.68
30-11-2013,1156.14,117.45
01-12-2013,1133.08,118.7
02-12-2013,1055.42,119.8
03-12-2013,1096,115.81
04-12-2013,1156.12,118.76
05-12-2013,1154.36,125.3
06-12-2013,1042.38,125.25
07-12-2013,854.64,124.5
08-12-2013,802.51,123.62
09-12-2013,921.93,115.78
10-12-2013,997.23,135.98
11-12-2013,1001.58,147.49
12-12-2013,901.94,146.93
13-12-2013,941.79,139.89
14-12-2013,904.65,125.6
15-12-2013,886.16,108.13
16-12-2013,882.25,115
17-12-2013,754.83,118.8
18-12-2013,679.32,124.66
19-12-2013,707.23,113.44
20-12-2013,729.16,115.78
21-12-2013,654.27,113.46
22-12-2013,666.74,122
23-12-2013,680.91,122
24-12-2013,684.39,118.68
25-12-2013,682.7,117.45
26-12-2013,777.75,118.7
27-12-2013,777.51,119.8
28-12-2013,747.06,115.81
29-12-2013,748.61,118.76
30-12-2013,766.6,125.3
31-12-2013,760.58,125.25
01-01-2014,775.35,124.5
02-01-2014,820.31,123.62
03-01-2014,834.15,115.78
04-01-2014,859.51,135.98
05-01-2014,952.4,147.49
06-01-2014,1017.12,146.93
07-01-2014,965.74,139.89
08-01-2014,870.68,125.6
09-01-2014,864.36,108.13
10-01-2014,871.19,115
11-01-2014,921.48,118.8
12-01-2014,928.52,124.66
13-01-2014,861.29,113.44
14-01-2014,855.69,115.78
15-01-2014,872.81,113.46
16-01-2014,866.16,122
17-01-2014,842.91,122
18-01-2014,841.49,118.68
19-01-2014,870.96,117.45
20-01-2014,886.39,118.7
21-01-2014,881.2,119.8
22-01-2014,870.15,115.81
23-01-2014,851.57,118.76
24-01-2014,822.43,125.3
25-01-2014,861.45,125.25
26-01-2014,897.02,124.5
27-01-2014,893,123.62
28-01-2014,832.5,115.78
29-01-2014,836.87,135.98
30-01-2014,830.5,147.49
31-01-2014,831.87,146.93
01-02-2014,853.52,139.89
02-02-2014,844.72,125.6
03-02-2014,826.48,108.13
04-02-2014,840.17,115
05-02-2014,837.32,118.8
06-02-2014,819.81,124.66
07-02-2014,783.2,113.44
08-02-2014,721.82,115.78
09-02-2014,712.27,113.46
10-02-2014,703.71,122
11-02-2014,712.46,122
12-02-2014,672.9,118.68
13-02-2014,657.99,117.45
14-02-2014,691.72,118.7
15-02-2014,661.84,119.8
16-02-2014,665.1,115.81
17-02-2014,656.95,118.76
18-02-2014,645.76,125.3
19-02-2014,631.77,125.25
20-02-2014,627.73,124.5
21-02-2014,582.96,123.62
22-02-2014,614.48,115.78
23-02-2014,639.91,135.98
24-02-2014,607.61,147.49
25-02-2014,541.38,146.93
26-02-2014,603.8,139.89
27-02-2014,594.05,125.6
28-02-2014,584.14,108.13
01-03-2014,573.38,115
02-03-2014,570.48,118.8
03-03-2014,702.91,124.66
04-03-2014,696.22,113.44
05-03-2014,674.28,115.78
06-03-2014,669.77,113.46
07-03-2014,665.34,122
08-03-2014,635.14,122
09-03-2014,643.95,118.68
10-03-2014,644.76,117.45
11-03-2014,638.42,118.7
12-03-2014,648.03,119.8
13-03-2014,644.2,115.81
14-03-2014,639.53,118.76
15-03-2014,639.14,125.3
16-03-2014,637.52,125.25
17-03-2014,632.68,124.5
18-03-2014,622.39,123.62
19-03-2014,622,115.78
20-03-2014,609.75,135.98
21-03-2014,604.59,147.49
22-03-2014,572.55,146.93
23-03-2014,570.24,139.89
24-03-2014,586.56,125.6
25-03-2014,585.44,108.13
26-03-2014,590.03,115
27-03-2014,580.56,118.8
28-03-2014,526.02,124.66
29-03-2014,504.86,113.44
30-03-2014,492.37,115.78
31-03-2014,483.02,113.46
01-04-2014,495.34,122
02-04-2014,495.05,122
03-04-2014,449.56,118.68
04-04-2014,454.65,117.45
05-04-2014,463.57,118.7
06-04-2014,466.32,119.8
07-04-2014,462.56,115.81
08-04-2014,457.42,118.76
09-04-2014,455.73,125.3
10-04-2014,443.37,125.25
11-04-2014,429.77,124.5
12-04-2014,439.61,123.62
13-04-2014,427.4,115.78
14-04-2014,469.75,135.98
15-04-2014,519,147.49
16-04-2014,542.38,146.93
17-04-2014,533.52,139.89
18-04-2014,498.6,125.6
19-04-2014,503.56,108.13
20-04-2014,510.87,115
21-04-2014,510.57,118.8
22-04-2014,503.22,124.66
23-04-2014,493.25,113.44
24-04-2014,500.46,115.78
25-04-2014,500.3,113.46
26-04-2014,464.54,122
27-04-2014,459.33,122
28-04-2014,447.53,118.68
29-04-2014,451.64,117.45
30-04-2014,451.1,118.7
01-05-2014,460.61,119.8
02-05-2014,457.93,115.81
03-05-2014,449.4,118.76
04-05-2014,439.77,125.3
05-05-2014,440.97,125.25
06-05-2014,448.04,124.5
07-05-2014,446.13,123.62
08-05-2014,448.4,115.78
09-05-2014,452.69,135.98
10-05-2014,455.77,147.49
11-05-2014,455.34,146.93
12-05-2014,442.26,139.89
13-05-2014,441.98,125.6
14-05-2014,446.66,108.13
15-05-2014,449.8,115
16-05-2014,450.66,118.8
17-05-2014,451.98,124.66
18-05-2014,449.77,113.44
19-05-2014,447.56,115.78
20-05-2014,491.44,113.46
21-05-2014,494.37,122
22-05-2014,525.36,525.36
23-05-2014,541.96,541.96
24-05-2014,525.17,525.17
25-05-2014,576.48,576.48
26-05-2014,588.39,588.39
27-05-2014,589.52,589.52
28-05-2014,578.62,578.62
29-05-2014,577.1,577.1
30-05-2014,618.46,618.46
31-05-2014,624.72,624.72
01-06-2014,671.51,671.51
02-06-2014,665.5,665.5
03-06-2014,674.11,674.11
04-06-2014,668.56,668.56
05-06-2014,663.53,663.53
06-06-2014,661.37,661.37
07-06-2014,656.94,656.94
08-06-2014,658.88,658.88
09-06-2014,657.7,657.7
10-06-2014,659.62,659.62
11-06-2014,657.04,657.04
12-06-2014,638.11,638.11
13-06-2014,615.14,615.14
14-06-2014,601.27,601.27
15-06-2014,592.94,592.94
16-06-2014,608.72,608.72
17-06-2014,610.89,610.89
18-06-2014,615.88,615.88
19-06-2014,612.24,612.24
20-06-2014,599.75,599.75
21-06-2014,599.46,599.46
22-06-2014,606,606
23-06-2014,603.21,603.21
24-06-2014,596.97,596.97
25-06-2014,583.6,583.6
26-06-2014,581.63,581.63
27-06-2014,600.12,600.12
28-06-2014,604.47,604.47
29-06-2014,604.08,604.08
30-06-2014,645.15,645.15
01-07-2014,657.86,657.86
02-07-2014,656.68,656.68
03-07-2014,650.77,650.77
04-07-2014,648.43,648.43
05-07-2014,633.22,633.22
06-07-2014,638.65,638.65
07-07-2014,637.16,637.16
08-07-2014,626.7,626.7
09-07-2014,627,627
10-07-2014,626.12,626.12
11-07-2014,632.09,632.09
12-07-2014,636.66,636.66
13-07-2014,634.73,634.73
14-07-2014,627.34,627.34
15-07-2014,625.14,625.14
16-07-2014,623.09,623.09
17-07-2014,626.29,626.29
18-07-2014,629.21,629.21
19-07-2014,629.17,629.17
20-07-2014,628.56,628.56
21-07-2014,624.09,624.09
22-07-2014,624.3,624.3
23-07-2014,624.43,624.43
24-07-2014,620.43,620.43
25-07-2014,607.07,607.07
26-07-2014,602.09,602.09
27-07-2014,598.94,598.94
28-07-2014,594.57,594.57
29-07-2014,588.38,588.38
30-07-2014,585.12,585.12
31-07-2014,586.24,586.24
01-08-2014,597.92,597.92
02-08-2014,594.91,594.91
03-08-2014,589.15,589.15
04-08-2014,591.95,591.95
05-08-2014,589.87,589.87
06-08-2014,587.49,587.49
07-08-2014,591.1,591.1
08-08-2014,598.12,598.12
09-08-2014,592.47,592.47
10-08-2014,594.46,594.46
11-08-2014,591.51,591.51
12-08-2014,576.95,576.95
13-08-2014,573.03,573.03
14-08-2014,546.24,546.24
15-08-2014,518.18,518.18
16-08-2014,521.48,521.48
17-08-2014,520.19,520.19
18-08-2014,499.37,499.37
19-08-2014,485.71,485.71
20-08-2014,518.28,518.28
21-08-2014,531.9,531.9
22-08-2014,521.48,521.48
23-08-2014,514.3,514.3
24-08-2014,512.89,512.89
25-08-2014,508.22,508.22
26-08-2014,512.69,512.69
27-08-2014,520.71,520.71
28-08-2014,516.16,516.16
29-08-2014,511.69,511.69
30-08-2014,509.31,509.31
31-08-2014,504.88,504.88
01-09-2014,485.31,485.31
02-09-2014,482.99,482.99
03-09-2014,481.71,481.71
04-09-2014,493.93,493.93
05-09-2014,490.64,490.64
06-09-2014,488.6,488.6
07-09-2014,488.07,488.07
08-09-2014,489.83,489.83
09-09-2014,477.38,477.38
10-09-2014,487.47,487.47
11-09-2014,482.35,482.35
12-09-2014,479.63,479.63
13-09-2014,482.12,482.12
14-09-2014,479.85,479.85
15-09-2014,478.62,478.62
16-09-2014,475.64,475.64
17-09-2014,468.17,468.17
18-09-2014,456.86,456.86
19-09-2014,427.83,427.83
20-09-2014,423.3,423.3
21-09-2014,412.43,412.43
22-09-2014,406.92,406.92
23-09-2014,441.56,441.56
24-09-2014,436.11,436.11
25-09-2014,423.52,423.52
26-09-2014,414.94,414.94
27-09-2014,406.62,406.62
28-09-2014,401.02,401.02
29-09-2014,385.21,385.21
30-09-2014,390.98,390.98
01-10-2014,391.38,391.38
02-10-2014,385.5,385.5
03-10-2014,377.69,377.69
04-10-2014,364.49,364.49
05-10-2014,341.8,341.8
06-10-2014,345.13,345.13
07-10-2014,339.25,339.25
08-10-2014,354.36,354.36
09-10-2014,382.73,382.73
10-10-2014,375.07,375.07
11-10-2014,367.19,367.19
12-10-2014,379.43,379.43
13-10-2014,397.23,397.23
14-10-2014,411.7,411.7
15-10-2014,402.23,402.23
16-10-2014,398.81,398.81
17-10-2014,385.48,385.48
18-10-2014,395.16,395.16
19-10-2014,393.94,393.94
20-10-2014,390.08,390.08
21-10-2014,392.65,392.65
22-10-2014,388.58,388.58
23-10-2014,385.05,385.05
24-10-2014,364.35,364.35
25-10-2014,359.86,359.86
26-10-2014,359.22,359.22
27-10-2014,358.63,358.63
28-10-2014,359.98,359.98
29-10-2014,357.83,357.83
30-10-2014,350.91,350.91
31-10-2014,348.05,348.05
01-11-2014,340.53,340.53
02-11-2014,329.05,329.05
03-11-2014,334,334
04-11-2014,331.77,331.77
05-11-2014,343.37,343.37
06-11-2014,352.97,352.97
07-11-2014,352.73,352.73
08-11-2014,347.03,347.03
09-11-2014,363.63,363.63
10-11-2014,374.82,374.82
11-11-2014,371.31,371.31
12-11-2014,429.72,429.72
13-11-2014,457.09,457.09
14-11-2014,419.25,419.25
15-11-2014,405.53,405.53
16-11-2014,390.8,390.8
17-11-2014,410.2,410.2
18-11-2014,392.4,392.4
19-11-2014,386.48,386.48
20-11-2014,382.02,382.02
21-11-2014,357.88,357.88
22-11-2014,364.84,364.84
23-11-2014,370.85,370.85
24-11-2014,387.21,387.21
25-11-2014,394.7,394.7
26-11-2014,377.7,377.7
27-11-2014,373.99,373.99
28-11-2014,382.84,382.84
29-11-2014,387.6,387.6
30-11-2014,382.53,382.53
01-12-2014,383.66,383.66
02-12-2014,384.04,384.04
03-12-2014,383.03,383.03
04-12-2014,378.65,378.65
05-12-2014,379.19,379.19
06-12-2014,378.45,378.45
07-12-2014,376.29,376.29
08-12-2014,376.03,376.03
09-12-2014,363.07,363.07
10-12-2014,352.38,352.38
11-12-2014,361.36,361.36
12-12-2014,352.98,352.98
13-12-2014,352.38,352.38
14-12-2014,353.32,353.32
15-12-2014,351.81,351.81
16-12-2014,345.86,345.86
17-12-2014,333.95,333.95
18-12-2014,323.71,323.71
19-12-2014,318.53,318.53
20-12-2014,330.32,330.32
21-12-2014,329.63,329.63
22-12-2014,334.12,334.12
23-12-2014,336.29,336.29
24-12-2014,334.74,334.74
25-12-2014,322.67,322.67
26-12-2014,331.42,331.42
27-12-2014,328.91,328.91
28-12-2014,320.03,320.03
29-12-2014,320.27,320.27
30-12-2014,314.81,314.81
31-12-2014,320.19,320.19
01-01-2015,320.44,320.44
02-01-2015,315.84,315.84
03-01-2015,315.15,315.15
04-01-2015,287.23,287.23
05-01-2015,278.34,278.34
06-01-2015,287.55,287.55
07-01-2015,298.75,298.75
08-01-2015,294.13,294.13
09-01-2015,291.11,291.11
10-01-2015,288.13,288.13
11-01-2015,279.64,279.64
12-01-2015,272.2,272.2
13-01-2015,268.28,268.28
14-01-2015,223.89,223.89
15-01-2015,229.07,229.07
16-01-2015,221.59,221.59
17-01-2015,211.73,211.73
18-01-2015,218.69,218.69
19-01-2015,216.73,216.73
20-01-2015,215.24,215.24
21-01-2015,227.79,227.79
22-01-2015,237.02,237.02
23-01-2015,234.84,234.84
24-01-2015,248.21,248.21
25-01-2015,255.07,255.07
26-01-2015,309.38,309.38
27-01-2015,275.48,275.48
28-01-2015,266.54,266.54
29-01-2015,238.71,238.71
30-01-2015,242.85,242.85
31-01-2015,233.5,233.5
01-02-2015,231.57,231.57
02-02-2015,242.18,242.18
03-02-2015,245.96,245.96
04-02-2015,230.06,230.06
05-02-2015,239.41,239.41
06-02-2015,230.51,230.51
07-02-2015,230.3,230.3
08-02-2015,229.44,229.44
09-02-2015,223.98,223.98
10-02-2015,221.81,221.81
11-02-2015,223.41,223.41
12-02-2015,222.2,222.2
13-02-2015,240.26,240.26
14-02-2015,259.81,259.81
15-02-2015,265.61,265.61
16-02-2015,239.52,239.52
17-02-2015,245.78,245.78
18-02-2015,244.25,244.25
19-02-2015,242.67,242.67
20-02-2015,247.1,247.1
21-02-2015,255.32,255.32
22-02-2015,246.39,246.39
23-02-2015,240.11,240.11
24-02-2015,239.9,239.9
25-02-2015,239.34,239.34
26-02-2015,237.71,237.71
27-02-2015,256.65,256.65
28-02-2015,254.69,254.69
01-03-2015,261.66,261.66
02-03-2015,276.3,276.3
03-03-2015,285.8,285.8
04-03-2015,284.23,284.23
05-03-2015,281.67,281.67
06-03-2015,277.61,277.61
07-03-2015,277.85,277.85
08-03-2015,277.86,277.86
09-03-2015,292.7,292.7
10-03-2015,300.04,300.04
11-03-2015,297.39,297.39
12-03-2015,297.09,297.09
13-03-2015,294.5,294.5
14-03-2015,286.34,286.34
15-03-2015,286.53,286.53
16-03-2015,294.11,294.11
17-03-2015,292.37,292.37
18-03-2015,285.34,285.34
19-03-2015,264.24,264.24
20-03-2015,264.85,264.85
21-03-2015,262.2,262.2
22-03-2015,269.75,269.75
23-03-2015,277.3,277.3
24-03-2015,267,267
25-03-2015,249.19,249.19
26-03-2015,254.35,254.35
27-03-2015,256.81,256.81
28-03-2015,254.21,254.21
29-03-2015,253.14,253.14
30-03-2015,249.24,249.24
31-03-2015,248.73,248.73
01-04-2015,247.54,247.54
02-04-2015,254.46,254.46
03-04-2015,256.04,256.04
04-04-2015,255.26,255.26
05-04-2015,260.68,260.68
06-04-2015,261.8,261.8
07-04-2015,255.81,255.81
08-04-2015,253.85,253.85
09-04-2015,246.12,246.12
10-04-2015,243.69,243.69
11-04-2015,239.54,239.54
12-04-2015,237.73,237.73
13-04-2015,236.94,236.94
14-04-2015,224.98,224.98
15-04-2015,223.83,223.83
16-04-2015,229.67,229.67
17-04-2015,228.91,228.91
18-04-2015,224.32,224.32
19-04-2015,226.35,226.35
20-04-2015,226.35,226.35
21-04-2015,235.27,235.27
22-04-2015,237.91,237.91
23-04-2015,236.47,236.47
24-04-2015,236.31,236.31
25-04-2015,232.56,232.56
26-04-2015,226.94,226.94
27-04-2015,233.31,233.31
28-04-2015,229.5,229.5
29-04-2015,227.04,227.04
30-04-2015,239.56,239.56
01-05-2015,238.97,238.97
02-05-2015,235.73,235.73
03-05-2015,243.24,243.24
04-05-2015,242.64,242.64
05-05-2015,239.2,239.2
06-05-2015,236.45,236.45
07-05-2015,239.1,239.1
08-05-2015,246.28,246.28
09-05-2015,247.8,247.8
10-05-2015,244.07,244.07
11-05-2015,244.27,244.27
12-05-2015,242.88,242.88
13-05-2015,243.7,243.7
14-05-2015,237.8,237.8
15-05-2015,238.75,238.75
16-05-2015,237.7,237.7
17-05-2015,238.03,238.03
18-05-2015,237.21,237.21
19-05-2015,234.15,234.15
20-05-2015,234.68,234.68
21-05-2015,236.24,236.24
22-05-2015,240.97,240.97
23-05-2015,241.03,241.03
24-05-2015,241.98,241.98
25-05-2015,241.02,241.02
26-05-2015,238.24,238.24
27-05-2015,238.64,238.64
28-05-2015,237.82,237.82
29-05-2015,237.52,237.52
30-05-2015,237.09,237.09
31-05-2015,233.25,233.25
01-06-2015,231.71,231.71
02-06-2015,226.42,226.42
03-06-2015,227.4,227.4
04-06-2015,226.58,226.58
05-06-2015,225.97,225.97
06-06-2015,225.72,225.72
07-06-2015,226.19,226.19
08-06-2015,229.46,229.46
09-06-2015,230.95,230.95
10-06-2015,229.78,229.78
11-06-2015,230.29,230.29
12-06-2015,231.06,231.06
13-06-2015,232.65,232.65
14-06-2015,234.86,234.86
15-06-2015,237.84,237.84
16-06-2015,251.74,251.74
17-06-2015,256.85,256.85
18-06-2015,252.11,252.11
19-06-2015,250.98,250.98
20-06-2015,245.83,245.83
21-06-2015,245.22,245.22
22-06-2015,247.92,247.92
23-06-2015,247.3,247.3
24-06-2015,244.34,244.34
25-06-2015,243.33,243.33
26-06-2015,243.75,243.75
27-06-2015,251.34,251.34
28-06-2015,251.17,251.17
29-06-2015,257.17,257.17
30-06-2015,267.87,267.87
01-07-2015,265.17,265.17
02-07-2015,261.63,261.63
03-07-2015,257.08,257.08
04-07-2015,261.46,261.46
05-07-2015,274.51,274.51
06-07-2015,277.42,277.42
07-07-2015,271.34,271.34
08-07-2015,272.97,272.97
09-07-2015,272.33,272.33
10-07-2015,294.59,294.59
11-07-2015,298.51,298.51
12-07-2015,314.39,314.39
13-07-2015,310.95,310.95
14-07-2015,296.15,296.15
15-07-2015,293.25,293.25
16-07-2015,291.18,291.18
17-07-2015,280.28,280.28
18-07-2015,282.53,282.53
19-07-2015,275.67,275.67
20-07-2015,278.98,278.98
21-07-2015,280.55,280.55
22-07-2015,277.67,277.67
23-07-2015,278.11,278.11
24-07-2015,289.25,289.25
25-07-2015,290.73,290.73
26-07-2015,293.05,293.05
27-07-2015,297.77,297.77
28-07-2015,296.65,296.65
29-07-2015,294.54,294.54
30-07-2015,290.13,290.13
31-07-2015,288.96,288.96
01-08-2015,284.93,284.93
02-08-2015,283.03,283.03
03-08-2015,285.47,285.47
04-08-2015,285.71,285.71
05-08-2015,285.5,285.5
06-08-2015,281.91,281.91
07-08-2015,280.39,280.39
08-08-2015,279.93,279.93
09-08-2015,267,267
10-08-2015,267.03,267.03
11-08-2015,270.39,270.39
12-08-2015,270.67,270.67
13-08-2015,266.23,266.23
14-08-2015,267.47,267.47
15-08-2015,266.67,266.67
16-08-2015,262.44,262.44
17-08-2015,260.5,260.5
18-08-2015,257.99,257.99
19-08-2015,237.41,237.41
20-08-2015,237.37,237.37
21-08-2015,236.43,236.43
22-08-2015,234.96,234.96
23-08-2015,232.71,232.71
24-08-2015,228.14,228.14
25-08-2015,226.32,226.32
26-08-2015,231.18,231.18
27-08-2015,228.64,228.64
28-08-2015,235.22,235.22
29-08-2015,233.22,233.22
30-08-2015,232.07,232.07
31-08-2015,231.96,231.96
01-09-2015,231.22,231.22
02-09-2015,230.58,230.58
03-09-2015,229.6,229.6
04-09-2015,230.9,230.9
05-09-2015,236.14,236.14
06-09-2015,242.91,242.91
07-09-2015,242.11,242.11
08-09-2015,245.78,245.78
09-09-2015,244.42,244.42
10-09-2015,241.29,241.29
11-09-2015,241.17,241.17
12-09-2015,240.12,240.12
13-09-2015,235.94,235.94
14-09-2015,232.44,232.44
15-09-2015,259.18,259.18
16-09-2015,231.22,231.22
17-09-2015,230.28,230.28
18-09-2015,234.35,234.35
19-09-2015,233.21,233.21
20-09-2015,232.37,232.37
21-09-2015,231.22,231.22
22-09-2015,232.39,232.39
23-09-2015,231.84,231.84
24-09-2015,235.65,235.65
25-09-2015,237.43,237.43
26-09-2015,235.4,235.4
27-09-2015,234.53,234.53
28-09-2015,239.34,239.34
29-09-2015,239.8,239.8
30-09-2015,237.73,237.73
01-10-2015,238.44,238.44
02-10-2015,238.54,238.54
03-10-2015,239.31,239.31
04-10-2015,238.97,238.97
05-10-2015,240.38,240.38
06-10-2015,246.94,246.94
07-10-2015,246.68,246.68
08-10-2015,244.25,244.25
09-10-2015,244.23,244.23
10-10-2015,245.32,245.32
11-10-2015,247.24,247.24
12-10-2015,247.45,247.45
13-10-2015,250.24,250.24
14-10-2015,254.28,254.28
15-10-2015,255.96,255.96
16-10-2015,266.13,266.13
17-10-2015,273.58,273.58
18-10-2015,271.67,271.67
19-10-2015,264.82,264.82
20-10-2015,270.83,270.83
21-10-2015,270.77,270.77
22-10-2015,276.51,276.51
23-10-2015,278.68,278.68
24-10-2015,281.71,281.71
25-10-2015,294.06,294.06
26-10-2015,285.3,285.3
27-10-2015,296.21,296.21
28-10-2015,306.33,306.33
29-10-2015,318.17,318.17
30-10-2015,334.17,334.17
31-10-2015,332.78,332.78
01-11-2015,327.47,327.47
02-11-2015,365.36,365.36
03-11-2015,417.9,417.9
04-11-2015,495.56,495.56
05-11-2015,447.56,447.56
06-11-2015,395.84,395.84
07-11-2015,390.59,390.59
08-11-2015,389.89,389.89
09-11-2015,385.28,385.28
10-11-2015,381.39,381.39
11-11-2015,340.58,340.58
12-11-2015,345.08,345.08
13-11-2015,340.91,340.91
14-11-2015,338.18,338.18
15-11-2015,334.66,334.66
16-11-2015,331.63,331.63
17-11-2015,338.35,338.35
18-11-2015,336.53,336.53
19-11-2015,335.33,335.33
20-11-2015,326.47,326.47
21-11-2015,328.16,328.16
22-11-2015,327.01,327.01
23-11-2015,325.12,325.12
24-11-2015,323.06,323.06
25-11-2015,329.13,329.13
26-11-2015,366.76,366.76
27-11-2015,363.59,363.59
28-11-2015,359.54,359.54
29-11-2015,371.94,371.94
30-11-2015,382.36,382.36
01-12-2015,378.93,378.93
02-12-2015,362.23,362.23
03-12-2015,370.27,370.27
04-12-2015,363.52,363.52
05-12-2015,389.79,389.79
06-12-2015,402.81,402.81
07-12-2015,399.97,399.97
08-12-2015,415.56,415.56
09-12-2015,423.12,423.12
10-12-2015,419.51,419.51
11-12-2015,451.94,451.94
12-12-2015,469.1,469.1
13-12-2015,441.68,441.68
14-12-2015,447.14,447.14
15-12-2015,465.32,465.32
16-12-2015,465.21,465.21
17-12-2015,457.86,457.86
18-12-2015,465.18,465.18
19-12-2015,465.58,465.58
20-12-2015,462.64,462.64
21-12-2015,444.73,444.73
22-12-2015,443.69,443.69
23-12-2015,444.53,444.53
24-12-2015,458.46,458.46
25-12-2015,458.31,458.31
26-12-2015,457.49,457.49
27-12-2015,424.01,424.01
28-12-2015,429.77,429.77
29-12-2015,432.98,432.98
30-12-2015,434.39,434.39
31-12-2015,432.92,432.92
01-01-2016,436.25,436.25
02-01-2016,436.06,436.06
03-01-2016,433.74,433.74
04-01-2016,434.52,434.52
05-01-2016,434.18,434.18
06-01-2016,431.86,431.86
07-01-2016,458.77,458.77
08-01-2016,462.93,462.93
09-01-2016,454.64,454.64
10-01-2016,448.31,448.31
11-01-2016,450.66,450.66
12-01-2016,448.18,448.18
13-01-2016,435.19,435.19
14-01-2016,433.32,433.32
15-01-2016,430.25,430.25
16-01-2016,390.56,390.56
17-01-2016,390.96,390.96
18-01-2016,388.1,388.1
19-01-2016,387.73,387.73
20-01-2016,425.27,425.27
21-01-2016,422.88,422.88
22-01-2016,410.41,410.41
23-01-2016,394.54,394.54
24-01-2016,405.49,405.49
25-01-2016,402.32,402.32
26-01-2016,397.77,397.77
27-01-2016,396.84,396.84
28-01-2016,395.5,395.5
29-01-2016,384.38,384.38
30-01-2016,380.92,380.92
31-01-2016,380.35,380.35
01-02-2016,378.07,378.07
02-02-2016,375.88,375.88
03-02-2016,374.95,374.95
04-02-2016,391.61,391.61
05-02-2016,391.09,391.09
06-02-2016,386.63,386.63
07-02-2016,380.87,380.87
08-02-2016,379.88,379.88
09-02-2016,377.25,377.25
10-02-2016,385.48,385.48
11-02-2016,383.13,383.13
12-02-2016,384.95,384.95
13-02-2016,391.86,391.86
14-02-2016,407.23,407.23
15-02-2016,410.38,410.38
16-02-2016,408.94,408.94
17-02-2016,421.17,421.17
18-02-2016,426,426
19-02-2016,423.1,423.1
20-02-2016,441.98,441.98
21-02-2016,448.05,448.05
22-02-2016,439.05,439.05
23-02-2016,439.86,439.86
24-02-2016,425.55,425.55
25-02-2016,427.72,427.72
26-02-2016,432.15,432.15
27-02-2016,434.23,434.23
28-02-2016,435.68,435.68
29-02-2016,441.51,441.51
01-03-2016,439.65,439.65
02-03-2016,435.92,435.92
03-03-2016,425.37,425.37
04-03-2016,425.18,425.18
05-03-2016,411.26,411.26
06-03-2016,411.91,411.91
07-03-2016,415.92,415.92
08-03-2016,416.24,416.24
09-03-2016,416.03,416.03
10-03-2016,417.51,417.51
11-03-2016,423.93,423.93
12-03-2016,421.8,421.8
13-03-2016,416.6,416.6
14-03-2016,416.68,416.68
15-03-2016,418.13,418.13
16-03-2016,417.69,417.69
17-03-2016,421,421
18-03-2016,420.55,420.55
19-03-2016,410.98,410.98
20-03-2016,414.63,414.63
21-03-2016,413.42,413.42
22-03-2016,418.38,418.38
23-03-2016,419.27,419.27
24-03-2016,418.68,418.68
25-03-2016,418.08,418.08
26-03-2016,418.99,418.99
27-03-2016,428.8,428.8
28-03-2016,426.86,426.86
29-03-2016,426.2,426.2
30-03-2016,416.83,416.83
31-03-2016,418.37,418.37
01-04-2016,418.17,418.17
02-04-2016,422.08,422.08
03-04-2016,421.58,421.58
04-04-2016,422.34,422.34
05-04-2016,424.26,424.26
06-04-2016,424.53,424.53
07-04-2016,423.66,423.66
08-04-2016,425.36,425.36
09-04-2016,420.89,420.89
10-04-2016,422.44,422.44
11-04-2016,422.74,422.74
12-04-2016,427.28,427.28
13-04-2016,426.66,426.66
14-04-2016,425.37,425.37
15-04-2016,429.93,429.93
16-04-2016,432.63,432.63
17-04-2016,431.37,431.37
18-04-2016,429.27,429.27
19-04-2016,436.02,436.02
20-04-2016,443.05,443.05
21-04-2016,450.55,450.55
22-04-2016,449.81,449.81
23-04-2016,450.28,450.28
24-04-2016,460.15,460.15
25-04-2016,466.62,466.62
26-04-2016,467.96,467.96
27-04-2016,467.08,467.08
28-04-2016,449.55,449.55
29-04-2016,455.38,455.38
30-04-2016,455.59,455.59
01-05-2016,452.48,452.48
02-05-2016,452.44,452.44
03-05-2016,451.1,451.1
04-05-2016,450.38,450.38
05-05-2016,448.51,448.51
06-05-2016,461.38,461.38
07-05-2016,460.68,460.68
08-05-2016,459.42,459.42
09-05-2016,462.48,462.48
10-05-2016,461.93,461.93
11-05-2016,454.58,454.58
12-05-2016,454.95,454.95
13-05-2016,457.06,457.06
14-05-2016,456.84,456.84
15-05-2016,458.69,458.69
16-05-2016,458.2,458.2
17-05-2016,455.07,455.07
18-05-2016,456,456
19-05-2016,454.63,454.63
20-05-2016,444.05,444.05
21-05-2016,443.78,443.78
22-05-2016,443.43,443.43
23-05-2016,444.35,444.35
24-05-2016,447.1,447.1
25-05-2016,450.3,450.3
26-05-2016,453.64,453.64
27-05-2016,478.15,478.15
28-05-2016,533.47,533.47
29-05-2016,553.96,553.96
30-05-2016,544.35,544.35
31-05-2016,546.62,546.62
01-06-2016,543.08,543.08
02-06-2016,540.35,540.35
03-06-2016,574.64,574.64
04-06-2016,590.13,590.13
05-06-2016,582.81,582.81
06-06-2016,586.47,586.47
07-06-2016,590.26,590.26
08-06-2016,582.84,582.84
09-06-2016,582.2,582.2
10-06-2016,579.13,579.13
11-06-2016,607.12,607.12
12-06-2016,684.84,684.84
13-06-2016,716,716
14-06-2016,704.5,704.5
15-06-2016,696.3,696.3
16-06-2016,773.72,773.72
17-06-2016,775.36,775.36
18-06-2016,777.99,777.99
19-06-2016,766.62,766.62
20-06-2016,764.08,764.08
21-06-2016,735.88,735.88
22-06-2016,678.67,678.67
23-06-2016,629.33,629.33
24-06-2016,681.73,681.73
25-06-2016,691.73,691.73
26-06-2016,665.98,665.98
27-06-2016,655.27,655.27
28-06-2016,659.25,659.25
29-06-2016,644.68,644.68
30-06-2016,675.4,675.4
01-07-2016,686.15,686.15
02-07-2016,703.7,703.7
03-07-2016,704.97,704.97
04-07-2016,683.66,683.66
05-07-2016,683.49,683.49
06-07-2016,681.9,681.9
07-07-2016,682.43,682.43
08-07-2016,666.71,666.71
09-07-2016,666.38,666.38
10-07-2016,652.29,652.29
11-07-2016,659.63,659.63
12-07-2016,675.26,675.26
13-07-2016,668.7,668.7
14-07-2016,662.9,662.9
15-07-2016,667.08,667.08
16-07-2016,666.46,666.46
17-07-2016,682.37,682.37
18-07-2016,681.55,681.55
19-07-2016,673.28,673.28
20-07-2016,672.93,672.93
21-07-2016,666.22,666.22
22-07-2016,666.58,666.58
23-07-2016,656.37,656.37
24-07-2016,663.11,663.11
25-07-2016,661.83,661.83
26-07-2016,656.23,656.23
27-07-2016,657.46,657.46
28-07-2016,657.6,657.6
29-07-2016,657.8,657.8
30-07-2016,658.22,658.22
31-07-2016,655.28,655.28
01-08-2016,626.12,626.12
02-08-2016,612.85,612.85
03-08-2016,573.36,573.36
04-08-2016,579.5,579.5
05-08-2016,578.28,578.28
06-08-2016,588.4,588.4
07-08-2016,597.51,597.51
08-08-2016,592.99,592.99
09-08-2016,591.09,591.09
10-08-2016,599.98,599.98
11-08-2016,597.54,597.54
12-08-2016,589.91,589.91
13-08-2016,589.77,589.77
14-08-2016,585.67,585.67
15-08-2016,573.58,573.58
16-08-2016,581.74,581.74
17-08-2016,580.89,580.89
18-08-2016,577.79,577.79
19-08-2016,578.24,578.24
20-08-2016,582.82,582.82
21-08-2016,584.16,584.16
22-08-2016,588.45,588.45
23-08-2016,589.47,589.47
24-08-2016,583.59,583.59
25-08-2016,580.45,580.45
26-08-2016,580.62,580.62
27-08-2016,579.85,579.85
28-08-2016,574.04,574.04
29-08-2016,576.28,576.28
30-08-2016,578.36,578.36
31-08-2016,577.86,577.86
01-09-2016,576.31,576.31
02-09-2016,575.64,575.64
03-09-2016,599.5,599.5
04-09-2016,611.84,611.84
05-09-2016,609.05,609.05
06-09-2016,610.83,610.83
07-09-2016,614.54,614.54
08-09-2016,628.77,628.77
09-09-2016,626.83,626.83
10-09-2016,625.1,625.1
11-09-2016,628.82,628.82
12-09-2016,608.46,608.46
13-09-2016,611.19,611.19
14-09-2016,611.95,611.95
15-09-2016,611.09,611.09
16-09-2016,609.26,609.26
17-09-2016,607.86,607.86
18-09-2016,610.16,610.16
19-09-2016,610.93,610.93
20-09-2016,609.52,609.52
21-09-2016,603.59,603.59
22-09-2016,598.49,598.49
23-09-2016,603.21,603.21
24-09-2016,604.58,604.58
25-09-2016,603.38,603.38
26-09-2016,608.14,608.14
27-09-2016,608.25,608.25
28-09-2016,606.59,606.59
29-09-2016,606.82,606.82
30-09-2016,609.74,609.74
01-10-2016,615.24,615.24
02-10-2016,614,614
03-10-2016,612.57,612.57
04-10-2016,612.05,612.05
05-10-2016,613.81,613.81
06-10-2016,613.82,613.82
07-10-2016,617.91,617.91
08-10-2016,619.85,619.85
09-10-2016,619.2,619.2
10-10-2016,621.32,621.32
11-10-2016,642.08,642.08
12-10-2016,641.34,641.34
13-10-2016,638.83,638.83
14-10-2016,641.28,641.28
15-10-2016,642.1,642.1
16-10-2016,642.9,642.9
17-10-2016,642.33,642.33
18-10-2016,640.74,640.74
19-10-2016,638.87,638.87
20-10-2016,631.92,631.92
21-10-2016,634.09,634.09
22-10-2016,658.2,658.2
23-10-2016,661.13,661.13
24-10-2016,657.25,657.25
25-10-2016,664.42,664.42
26-10-2016,679.73,679.73
27-10-2016,688.59,688.59
28-10-2016,690.44,690.44
29-10-2016,720.4,720.4
30-10-2016,714.12,714.12
31-10-2016,709.29,709.29
01-11-2016,736.45,736.45
02-11-2016,740.83,740.83
03-11-2016,745.77,745.77
04-11-2016,706.93,706.93
05-11-2016,707.51,707.51
06-11-2016,714.26,714.26
07-11-2016,710.74,710.74
08-11-2016,712.99,712.99
09-11-2016,740.05,740.05
10-11-2016,723.02,723.02
11-11-2016,718.32,718.32
12-11-2016,717.15,717.15
13-11-2016,705.26,705.26
14-11-2016,706.28,706.28
15-11-2016,715.72,715.72
16-11-2016,747.62,747.62
17-11-2016,755.64,755.64
18-11-2016,752.88,752.88
19-11-2016,756.24,756.24
20-11-2016,755.48,755.48
21-11-2016,741.72,741.72
22-11-2016,753.87,753.87
23-11-2016,752.25,752.25
24-11-2016,746.83,746.83
25-11-2016,741.65,741.65
26-11-2016,742.21,742.21
27-11-2016,739.02,739.02
28-11-2016,738.01,738.01
29-11-2016,737.47,737.47
30-11-2016,747.93,747.93
01-12-2016,758.27,758.27
02-12-2016,781.3,781.3
03-12-2016,778.25,778.25
04-12-2016,773.87,773.87
05-12-2016,773.47,773.47
06-12-2016,765.62,765.62
07-12-2016,771.54,771.54
08-12-2016,774.7,774.7
09-12-2016,774.53,774.53
10-12-2016,777.09,777.09
11-12-2016,774.8,774.8
12-12-2016,781.92,781.92
13-12-2016,788.46,788.46
14-12-2016,782.03,782.03
15-12-2016,781.43,781.43
16-12-2016,785.03,785.03
17-12-2016,792.51,792.51
18-12-2016,794.74,794.74
19-12-2016,793.61,793.61
20-12-2016,801.34,801.34
21-12-2016,834.28,834.28
22-12-2016,875.78,875.78
23-12-2016,925.12,925.12
24-12-2016,923.48,923.48
25-12-2016,899.65,899.65
26-12-2016,913.18,913.18
27-12-2016,940.05,940.05
28-12-2016,975.92,975.92
29-12-2016,979.4,979.4
30-12-2016,972.53,972.53
31-12-2016,963.74,963.74
01-01-2017,1003.08,1003.08
02-01-2017,1031.39,1031.39
03-01-2017,1044.08,1044.08
04-01-2017,1159.42,1159.42
05-01-2017,1191.1,1191.1
06-01-2017,1046.81,1046.81
07-01-2017,908.59,908.59
08-01-2017,942.72,942.72
09-01-2017,913.69,913.69
10-01-2017,914.87,914.87
11-01-2017,919.45,919.45
12-01-2017,826.25,826.25
13-01-2017,829,829
14-01-2017,835.09,835.09
15-01-2017,823.31,823.31
16-01-2017,834.53,834.53
17-01-2017,910.56,910.56
18-01-2017,917.5,917.5
19-01-2017,904.61,904.61
20-01-2017,899.4,899.4
21-01-2017,927.37,927.37
22-01-2017,937.52,937.52
23-01-2017,928.27,928.27
24-01-2017,924.14,924.14
25-01-2017,903.25,903.25
26-01-2017,919.33,919.33
27-01-2017,923.22,923.22
28-01-2017,923.91,923.91
29-01-2017,923.42,923.42
30-01-2017,923.05,923.05
31-01-2017,972.02,972.02
01-02-2017,989.11,989.11
02-02-2017,1013.52,1013.52
03-02-2017,1033.87,1033.87
04-02-2017,1045.9,1045.9
05-02-2017,1043.63,1043.63
06-02-2017,1044.64,1044.64
07-02-2017,1061.93,1061.93
08-02-2017,1078.97,1078.97
09-02-2017,1088.99,1088.99
10-02-2017,998.9,998.9
11-02-2017,1009.29,1009.29
12-02-2017,1004.76,1004.76
13-02-2017,1002.1,1002.1
14-02-2017,1011.51,1011.51
15-02-2017,1008.84,1008.84
16-02-2017,1033.37,1033.37
17-02-2017,1053.17,1053.17
18-02-2017,1061.1,1061.1
19-02-2017,1056.81,1056.81
20-02-2017,1080.49,1080.49
21-02-2017,1117.25,1117.25
22-02-2017,1125.39,1125.39
23-02-2017,1176.62,1176.62
24-02-2017,1200.39,1200.39
25-02-2017,1174.85,1174.85
26-02-2017,1167.47,1167.47
27-02-2017,1181.98,1181.98
28-02-2017,1193.25,1193.25
01-03-2017,1222.5,1222.5
02-03-2017,1262.13,1262.13
03-03-2017,1280.31,1280.31
04-03-2017,1279.4,1279.4
05-03-2017,1267.29,1267.29
06-03-2017,1276,1276
07-03-2017,1275.55,1275.55
08-03-2017,1232.16,1232.16
09-03-2017,1197.46,1197.46
10-03-2017,1270.47,1270.47
11-03-2017,1193.83,1193.83
12-03-2017,1226.98,1226.98
13-03-2017,1237.37,1237.37
14-03-2017,1244.81,1244.81
15-03-2017,1251.61,1251.61
16-03-2017,1257.98,1257.98
17-03-2017,1180.16,1180.16
18-03-2017,1114.07,1114.07
19-03-2017,1069.91,1069.91
20-03-2017,1063.03,1063.03
21-03-2017,1122.43,1122.43
22-03-2017,1120.65,1120.65
23-03-2017,1058.01,1058.01
24-03-2017,1040.47,1040.47
25-03-2017,975.76,975.76
26-03-2017,1007.96,1007.96
27-03-2017,1046.4,1046.4
28-03-2017,1064.65,1064.65
29-03-2017,1055.13,1055.13
30-03-2017,1049.29,1049.29
31-03-2017,1074.92,1074.92
01-04-2017,1091.72,1091.72
02-04-2017,1107.59,1107.59
03-04-2017,1151.74,1151.74
04-04-2017,1156.44,1156.44
05-04-2017,1135.09,1135.09
06-04-2017,1188.37,1188.37
07-04-2017,1186.58,1186.58
08-04-2017,1184.98,1184.98
09-04-2017,1197.21,1197.21
10-04-2017,1190.34,1190.34
11-04-2017,1208.07,1208.07
12-04-2017,1207.14,1207.14
13-04-2017,1205.89,1205.89
14-04-2017,1190.8,1190.8
15-04-2017,1188,1188
16-04-2017,1187.22,1187.22
17-04-2017,1194.9,1194.9
18-04-2017,1217.57,1217.57
19-04-2017,1215.51,1215.51
20-04-2017,1240.79,1240.79
21-04-2017,1235.94,1235.94
22-04-2017,1235.56,1235.56
23-04-2017,1232.2,1232.2
24-04-2017,1250.94,1250.94
25-04-2017,1267.58,1267.58
26-04-2017,1294.83,1294.83
27-04-2017,1319.7,1319.7
28-04-2017,1331.28,1331.28
29-04-2017,1327.2,1327.2
30-04-2017,1347.91,1347.91
01-05-2017,1434.32,1434.32
02-05-2017,1473.9,1473.9
03-05-2017,1492.77,1492.77
04-05-2017,1608.91,1608.91
05-05-2017,1618.03,1618.03
06-05-2017,1578.8,1578.8
07-05-2017,1596.72,1596.72
08-05-2017,1723.35,1723.35
09-05-2017,1833.49,1833.49
10-05-2017,1788.44,1788.44
11-05-2017,1873.93,1873.93
12-05-2017,1856.15,1856.15
13-05-2017,1812.99,1812.99
14-05-2017,1831.42,1831.42
15-05-2017,1812.8,1812.8
16-05-2017,1785.94,1785.94
17-05-2017,1864.05,1864.05
18-05-2017,1904.48,1904.48
19-05-2017,2004.52,2004.52
20-05-2017,2084.73,2084.73
21-05-2017,2119.08,2119.08
22-05-2017,2303.9,2303.9
23-05-2017,2320.82,2320.82
24-05-2017,2523.72,2523.72
25-05-2017,2763.71,2763.71
26-05-2017,2573.79,2573.79
27-05-2017,2260.2,2260.2
28-05-2017,2267.34,2267.34
29-05-2017,2307.05,2307.05
30-05-2017,2301.96,2301.96
31-05-2017,2311.08,2311.08
01-06-2017,2448.39,2448.39
02-06-2017,2488.55,2488.55
03-06-2017,2581.91,2581.91
04-06-2017,2585.89,2585.89
05-06-2017,2686.81,2686.81
06-06-2017,2999.91,2999.91
07-06-2017,2869.38,2869.38
08-06-2017,2815.3,2815.3
09-06-2017,2901.71,2901.71
10-06-2017,2950.99,2950.99
11-06-2017,2996.6,2996.6
12-06-2017,2997.26,2997.26
13-06-2017,2789.04,2789.04
14-06-2017,2786.83,2786.83
15-06-2017,2534.71,2534.71
16-06-2017,2539.92,2539.92
17-06-2017,2685.19,2685.19
18-06-2017,2662.1,2662.1
19-06-2017,2662.85,2662.85
20-06-2017,2763.45,2763.45
21-06-2017,2772.01,2772.01
22-06-2017,2723.74,2723.74
23-06-2017,2765.17,2765.17
24-06-2017,2757.94,2757.94
25-06-2017,2682.26,2682.26
26-06-2017,2615.25,2615.25
27-06-2017,2552.45,2552.45
28-06-2017,2603.98,2603.98
29-06-2017,2588.83,2588.83
30-06-2017,2559.25,2559.25
01-07-2017,2515.27,2515.27
02-07-2017,2514.28,2514.28
03-07-2017,2595,2595
04-07-2017,2631.59,2631.59
05-07-2017,2622.65,2622.65
06-07-2017,2616.72,2616.72
07-07-2017,2916.14,2916.14
08-07-2017,2571.34,2571.34
09-07-2017,2635.49,2635.49
10-07-2017,2537.16,2537.16
11-07-2017,2413.47,2413.47
12-07-2017,2423.71,2423.71
13-07-2017,2425.22,2425.22
14-07-2017,2363.25,2363.25
15-07-2017,2231.14,2231.14
16-07-2017,2058.77,2058.77
17-07-2017,2230.49,2230.49
18-07-2017,2387.61,2387.61
19-07-2017,2397.17,2397.17
20-07-2017,2900.7,2900.7
21-07-2017,2838.41,2838.41
22-07-2017,2862.42,2862.42
23-07-2017,2832.18,2832.18
24-07-2017,2777.26,2777.26
25-07-2017,2768.08,2768.08
26-07-2017,2610.76,2610.76
27-07-2017,2693.32,2693.32
28-07-2017,2897.45,2897.45
29-07-2017,2808.76,2808.76
30-07-2017,2758.53,2758.53
31-07-2017,2889.62,2889.62
01-08-2017,2921.35,2921.35
02-08-2017,2762.53,2762.53
03-08-2017,2813.31,2813.31
04-08-2017,2899.33,2899.33
05-08-2017,3290.01,3290.01
06-08-2017,3293.29,3293.29
07-08-2017,3397.68,3397.68
08-08-2017,3484.85,3484.85
09-08-2017,3422.76,3422.76
10-08-2017,3453.45,3453.45
11-08-2017,3679.72,3679.72
12-08-2017,3949.92,3949.92
13-08-2017,4208.39,4208.39
14-08-2017,4325.13,4325.13
15-08-2017,4455.97,4455.97
16-08-2017,4381.23,4381.23
17-08-2017,4484.7,4484.7
18-08-2017,4370.13,4370.13
19-08-2017,4243.26,4243.26
20-08-2017,4196.29,4196.29
21-08-2017,4109.14,4109.14
22-08-2017,4128.76,4128.76
23-08-2017,4255.78,4255.78
24-08-2017,4376.39,4376.39
25-08-2017,4455.7,4455.7
26-08-2017,4379.28,4379.28
27-08-2017,4416.59,4416.59
28-08-2017,4403.93,4403.93
29-08-2017,4625.68,4625.68
30-08-2017,4626.52,4626.52
31-08-2017,4736.05,4736.05
01-09-2017,4892.01,4892.01
02-09-2017,4975.04,4975.04
03-09-2017,4714.08,4714.08
04-09-2017,4591.63,4591.63
05-09-2017,4427.84,4427.84
06-09-2017,4617.25,4617.25
07-09-2017,4655.04,4655.04
08-09-2017,4661,4661
09-09-2017,4308.82,4308.82
10-09-2017,4245.44,4245.44
11-09-2017,4261.67,4261.67
12-09-2017,4344.65,4344.65
13-09-2017,4131.98,4131.98
14-09-2017,3920.6,3920.6
15-09-2017,3733.45,3733.45
16-09-2017,3808.84,3808.84
17-09-2017,3664.81,3664.81
18-09-2017,4079.23,4079.23
19-09-2017,4094.07,4094.07
20-09-2017,4031.39,4031.39
21-09-2017,3916.42,3916.42
22-09-2017,3758.27,3758.27
23-09-2017,3819.21,3819.21
24-09-2017,3796.15,3796.15
25-09-2017,3950.25,3950.25
26-09-2017,3969.89,3969.89
27-09-2017,4210.05,4210.05
28-09-2017,4279.31,4279.31
29-09-2017,4214.63,4214.63
30-09-2017,4358.43,4358.43
01-10-2017,4403.74,4403.74
02-10-2017,4470.23,4470.23
03-10-2017,4432.47,4432.47
04-10-2017,4352.31,4352.31
05-10-2017,4362.64,4362.64
06-10-2017,4413.27,4413.27
07-10-2017,4443.88,4443.88
08-10-2017,4624.14,4624.14
09-10-2017,4878.71,4878.71
10-10-2017,4922.17,4922.17
11-10-2017,4873.73,4873.73
12-10-2017,5446.91,5446.91
13-10-2017,5840.3,5840.3
14-10-2017,5837.7,5837.7
15-10-2017,5852.48,5852.48
16-10-2017,5776.23,5776.23
17-10-2017,5800.35,5800.35
18-10-2017,5603.82,5603.82
19-10-2017,5744.35,5744.35
20-10-2017,6060.11,6060.11
21-10-2017,6194.88,6194.88
22-10-2017,6076.26,6076.26
23-10-2017,6075.59,6075.59
24-10-2017,5935.52,5935.52
25-10-2017,5754.33,5754.33
26-10-2017,5976.8,5976.8
27-10-2017,5988.39,5988.39
28-10-2017,5876.72,5876.72
29-10-2017,6255.71,6255.71
30-10-2017,6214.99,6214.99
31-10-2017,6470.43,6470.43
01-11-2017,6767.31,6767.31
02-11-2017,7367.33,7367.33
03-11-2017,7461.29,7461.29
04-11-2017,7492.86,7492.86
05-11-2017,7617.48,7617.48
06-11-2017,7445.77,7445.77
07-11-2017,7253.32,7253.32
08-11-2017,7776.42,7776.42
09-11-2017,7446.83,7446.83
10-11-2017,7312,7312
11-11-2017,6873.15,6873.15
12-11-2017,6625.05,6625.05
13-11-2017,6811.19,6811.19
14-11-2017,6764.98,6764.98
15-11-2017,7342.25,7342.25
16-11-2017,7967.38,7967.38
17-11-2017,8004.59,8004.59
18-11-2017,7884.99,7884.99
19-11-2017,8101.91,8101.91
20-11-2017,8336.86,8336.86
21-11-2017,8348.66,8348.66
22-11-2017,8302.26,8302.26
23-11-2017,8267.4,8267.4
24-11-2017,8374.16,8374.16
25-11-2017,8790.92,8790.92
26-11-2017,9522.93,9522.93
27-11-2017,9818.35,9818.35
28-11-2017,10125.7,10125.7
29-11-2017,11517.4,11517.4
30-11-2017,10801,10801
01-12-2017,11046.7,11046.7
02-12-2017,11320.2,11320.2
03-12-2017,11858.7,11858.7
04-12-2017,11657.2,11657.2
05-12-2017,12032,12032
06-12-2017,14369.1,14369.1
07-12-2017,17899.7,17899.7
08-12-2017,18353.4,18353.4
09-12-2017,16783,16783
10-12-2017,15850.6,15850.6
11-12-2017,17513.9,17513.9
12-12-2017,17781.8,17781.8
13-12-2017,17653.1,17653.1
14-12-2017,17085.8,17085.8
15-12-2017,18154.1,18154.1
16-12-2017,19716.7,19716.7
17-12-2017,20089,20089
18-12-2017,19371,19371
19-12-2017,19177.8,19177.8
20-12-2017,17934.7,17934.7
21-12-2017,17567.7,17567.7
22-12-2017,15943.4,15943.4
23-12-2017,15603.2,15603.2
24-12-2017,14626,14626
25-12-2017,14593,14593
26-12-2017,16461.2,16461.2
27-12-2017,16930.9,16930.9
28-12-2017,15888.4,15888.4
29-12-2017,15279,15279
30-12-2017,14681.9,14681.9
31-12-2017,14377.4,14377.4
01-01-2018,14112.2,14112.2
02-01-2018,15444.6,15444.6
03-01-2018,15572.8,15572.8
04-01-2018,15739.7,15739.7
05-01-2018,17705.2,17705.2
06-01-2018,17712.4,17712.4
07-01-2018,17579.6,17579.6
08-01-2018,16537.9,16537.9
09-01-2018,15497.5,15497.5
10-01-2018,14973.3,14973.3
11-01-2018,15018.8,15018.8
12-01-2018,14229.9,14229.9
13-01-2018,14659.5,14659.5
14-01-2018,14511.8,14511.8
15-01-2018,14445.5,14445.5
16-01-2018,13843.1,13843.1
17-01-2018,11678,11678
18-01-2018,12107.3,12107.3
19-01-2018,11992.8,11992.8
20-01-2018,13103,13103
21-01-2018,12895.9,12895.9
22-01-2018,11966.4,11966.4
23-01-2018,11377.6,11377.6
24-01-2018,11501.4,11501.4
25-01-2018,11785.7,11785.7
26-01-2018,11656.7,11656.7
27-01-2018,11614.9,11614.9
28-01-2018,12040.3,12040.3
29-01-2018,11875.6,11875.6
30-01-2018,11307.2,11307.2
31-01-2018,10381.6,10381.6
01-02-2018,10288.8,10288.8
02-02-2018,9142.28,9142.28
03-02-2018,9430.75,9430.75
04-02-2018,9334.87,9334.87
05-02-2018,8364.84,8364.84
06-02-2018,7850.7,7850.7
07-02-2018,8509.11,8509.11
08-02-2018,8558.77,8558.77
09-02-2018,8736.98,8736.98
10-02-2018,9122.55,9122.55
11-02-2018,8616.13,8616.13
12-02-2018,8985.92,8985.92
13-02-2018,8958.47,8958.47
14-02-2018,9518.54,9518.54
15-02-2018,10234.8,10234.8
16-02-2018,10324.1,10324.1
17-02-2018,11139.5,11139.5
18-02-2018,11349.8,11349.8
19-02-2018,11273.8,11273.8
20-02-2018,11958.5,11958.5
21-02-2018,11418.5,11418.5
22-02-2018,11039.1,11039.1
23-02-2018,10487.3,10487.3
24-02-2018,10597.2,10597.2
25-02-2018,9923.22,9923.22
26-02-2018,10475,10475
27-02-2018,10878.5,10878.5
28-02-2018,11089.8,11089.8
01-03-2018,11052.3,11052.3
02-03-2018,11189,11189
03-03-2018,11528.2,11528.2
04-03-2018,11512.6,11512.6
05-03-2018,11704.1,11704.1
06-03-2018,11500.1,11500.1
07-03-2018,10929.5,10929.5
08-03-2018,10147.4,10147.4
09-03-2018,9466.35,9466.35
10-03-2018,9531.32,9531.32
11-03-2018,9711.89,9711.89
12-03-2018,9937.5,9937.5
13-03-2018,9470.38,9470.38
14-03-2018,9355.85,9355.85
15-03-2018,8428.35,8428.35
16-03-2018,8585.15,8585.15
17-03-2018,8346.53,8346.53
18-03-2018,8245.51,8245.51
19-03-2018,8675.87,8675.87
20-03-2018,9051.02,9051.02
21-03-2018,9177.37,9177.37
22-03-2018,9100.71,9100.71
23-03-2018,8879.62,8879.62
24-03-2018,8996.18,8996.18
25-03-2018,8682.01,8682.01
26-03-2018,8530.08,8530.08
27-03-2018,8232.78,8232.78
28-03-2018,8122.89,8122.89
29-03-2018,7994.33,7994.33
30-03-2018,7276.66,7207.85
31-03-2018,7207.85,7060.95
01-04-2018,7060.95,7135.47
02-04-2018,7135.47,7530.94
03-04-2018,7530.94,7469.88
04-04-2018,7469.88,6933.82
05-04-2018,6933.82,6857.49
06-04-2018,6857.49,7050.54
07-04-2018,7050.54,7111.56
08-04-2018,7111.56,7178.11
09-04-2018,7178.11,6872.41
10-04-2018,6872.41,6968.32
11-04-2018,6968.32,7899.23
12-04-2018,7899.23,8183.96
13-04-2018,8183.96,8140.71
14-04-2018,8140.71,8338.42
15-04-2018,8338.42,8371.15
16-04-2018,8371.15,8285.96
17-04-2018,8285.96,8197.8
18-04-2018,8197.8,8298.69
19-04-2018,8298.69,8880.23
20-04-2018,8880.23,8997.57
21-04-2018,8997.57,8997.57
22-04-2018,9001.64,9001.64
23-04-2018,8958.55,8958.55
